{"loss": {"shallow_model": [43.1618047170341, 28.97473679902032, 20.15356569061987, 15.654718794161454, 13.202165592112578, 11.72419765649829, 10.759727209282573, 10.090888486709446, 9.606980944983661, 9.25405594080803], "deep_model_no_bn": [17.274896410293877, 11.068009103357326, 8.760563449090114, 7.343586031041923, 6.427670673059765, 5.907731935225456, 5.702957839839655, 5.670356601340245, 5.616982047829879, 5.568374839298485], "deep_model_bn": [11.438992856885307, 7.512171704598586, 5.74634618149139, 4.874746212619357, 4.519677509875692, 4.520507292509137, 4.486605091078218, 4.5798159695750655, 4.895547472502358, 5.157007647006367]}, "accuracy": {"shallow_model": [0.92, 0.9467, 0.9648, 0.9712, 0.9745, 0.9764, 0.9782, 0.9799, 0.9807, 0.9811], "deep_model_no_bn": [0.9678, 0.9775, 0.9818, 0.9837, 0.9854, 0.9864, 0.9866, 0.9871, 0.9878, 0.9878], "deep_model_bn": [0.9776, 0.9849, 0.988, 0.9895, 0.9908, 0.9907, 0.991, 0.9909, 0.9903, 0.9909]}}